order id,customer_id,product id,order date,quantity,unit price,country code,campaign
ORD-0081,C004,P002,2026-09-16,3,29.95,FR,web
ORD-0082,C015,P008,2026-09-15,2,15.75,FR,web
ORD-0083,C012,P004,2026-09-19,4,12.00,FR,web
ORD-0084,C002,P011,2026-09-06,3,129.90,FR,web
ORD-0085,C011,P008,2026-09-13,5,15.75,FR,web
ORD-0086,C022,P005,2026-09-11,5,24.99,FR,web
ORD-0087,C019,P003,2026-09-01,1,39.50,FR,web
ORD-0088,C015,P011,2026-09-10,2,129.90,FR,web
ORD-0089,C022,P008,2026-09-12,1,15.75,FR,web
ORD-0090,C020,P007,2026-09-24,2,18.50,FR,web
ORD-0091,C024,P005,2026-09-24,3,24.99,FR,web
ORD-0092,C017,P012,2026-09-26,3,1299.00,FR,web
ORD-0093,C024,P009,2026-09-26,3,59.00,FR,web
ORD-0094,C014,P012,2026-09-06,5,1299.00,FR,web
ORD-0095,C023,P011,2026-09-20,2,129.90,FR,web
ORD-0096,C017,P007,2026-09-18,2,18.50,FR,web
ORD-0097,C011,P004,2026-09-28,5,12.00,FR,web
ORD-0098,C015,P006,2026-09-16,2,299.00,FR,web
ORD-0099,C014,P011,2026-09-11,4,129.90,FR,web
ORD-0100,C023,P007,2026-09-19,4,18.50,FR,web
ORD-0101,C022,P002,2026-09-06,3,29.95,FR,web
ORD-0102,C015,P007,2026-09-04,3,18.50,FR,web
ORD-0103,C017,P011,2026-09-06,2,129.90,FR,web
ORD-0104,C015,P010,2026-09-14,1,79.99,FR,web
ORD-0105,C009,P011,2026-09-17,4,129.90,FR,web
ORD-0106,C020,P012,2026-09-21,4,1299.00,FR,web
ORD-0107,C019,P007,2026-09-05,2,18.50,FR,web
ORD-0108,C019,P004,2026-09-24,2,12.00,FR,web
ORD-0109,C010,P002,2026-09-25,2,29.95,FR,web
ORD-0110,C003,P009,2026-09-25,4,59.00,FR,web
ORD-0111,C008,P011,2026-09-07,1,129.90,FR,web
ORD-0112,C002,P001,2026-09-24,4,49.90,FR,web
ORD-0113,C018,P010,2026-09-24,4,79.99,FR,web
ORD-0114,C005,P003,2026-09-04,3,39.50,FR,web
ORD-0115,C021,P011,2026-09-13,1,129.90,FR,web
ORD-0116,C016,P002,2026-09-16,4,29.95,FR,web
ORD-0117,C012,P007,2026-09-18,5,18.50,FR,web
ORD-0118,C006,P006,2026-09-21,2,299.00,FR,web
ORD-0119,C010,P005,2026-09-19,3,24.99,FR,web
ORD-0120,C006,P005,2026-09-11,2,24.99,FR,web
