fixture_id,source_file,source_sheet,source_row,ground_truth_order_id,raw_order_id,case_ids,defects,expected_codes,expected_terminal_disposition,related_fixture_id
TX-0001,sales_2026_07.csv,,2,ORD-0001,ORD-0001,A_VALID,,,ACCEPTED,
TX-0002,sales_2026_07.csv,,3,ORD-0002, ord-0002 ,B_FORMATTING,identifier_case_whitespace|date_format|currency_locale|country_alias,NORMALIZE_IDENTIFIER|NORMALIZE_DATE|NORMALIZE_CURRENCY|NORMALIZE_COUNTRY,ACCEPTED,
TX-0003,sales_2026_07.csv,,4,ORD-0003,ORD-0003,C_INVALID_QUANTITY,quantity_nonpositive,INVALID_QUANTITY,QUARANTINED,
TX-0004,sales_2026_07.csv,,5,ORD-0004,ORD-0004,D_EXACT_DUPLICATE,,,ACCEPTED,
TX-0005,sales_2026_07.csv,,6,ORD-0005,ORD-0005,E_CONFLICTING_ORDER_ID,duplicate_key_conflict,DUPLICATE_KEY_CONFLICT,QUARANTINED,
TX-0006,sales_2026_07.csv,,7,ORD-0006,ORD-0006,F_HARD_INVALID_BEFORE_DUPLICATE,quantity_nonpositive|duplicate_like_after_hard_failure,INVALID_QUANTITY,QUARANTINED,
TX-0007,sales_2026_07.csv,,8,ORD-0007,ORD-0007,G_FUZZY_CUSTOMER,,,ACCEPTED,
TX-0008,sales_2026_07.csv,,9,ORD-0008,ORD-0008,H_UNKNOWN_CUSTOMER,unknown_customer_reference,UNKNOWN_CUSTOMER_REFERENCE,QUARANTINED,
TX-0009,sales_2026_07.csv,,10,ORD-0009,ORD-0009,H_UNKNOWN_PRODUCT,unknown_product_reference,UNKNOWN_PRODUCT_REFERENCE,QUARANTINED,
TX-0010,sales_2026_07.csv,,11,ORD-0010,ORD-0010,,,,ACCEPTED,
TX-0011,sales_2026_07.csv,,12,ORD-0011,ORD-0011,,,,ACCEPTED,
TX-0012,sales_2026_07.csv,,13,ORD-0012,ORD-0012,DATE_IMPOSSIBLE,impossible_date,INVALID_ORDER_DATE,QUARANTINED,
TX-0013,sales_2026_07.csv,,14,ORD-0013,ORD-0013,CURRENCY_NEGATIVE,negative_unit_price,INVALID_UNIT_PRICE,QUARANTINED,
TX-0014,sales_2026_07.csv,,15,ORD-0014,ORD-0014,CURRENCY_AMBIGUOUS,ambiguous_currency,INVALID_UNIT_PRICE,QUARANTINED,
TX-0015,sales_2026_07.csv,,16,ORD-0015,ORD-0015,MISSING_PRODUCT_ID,missing_critical_identifier,MISSING_PRODUCT_ID,QUARANTINED,
TX-0016,sales_2026_07.csv,,17,ORD-0016,ORD-0016,OPTIONAL_COUNTRY_MISSING,missing_optional_field,,ACCEPTED,
TX-0017,sales_2026_07.csv,,18,ORD-0017,ORD-0017,COUNTRY_FRANCE,country_alias,NORMALIZE_COUNTRY,ACCEPTED,
TX-0018,sales_2026_07.csv,,19,ORD-0018,ORD-0018,COUNTRY_FRANCE_LOWER,country_alias,NORMALIZE_COUNTRY,ACCEPTED,
TX-0019,sales_2026_07.csv,,20,ORD-0019,ORD-0019,COUNTRY_FR,,,ACCEPTED,
TX-0020,sales_2026_07.csv,,21,ORD-0020,ORD-0020,COUNTRY_FRA,country_alias,NORMALIZE_COUNTRY,ACCEPTED,
TX-0021,sales_2026_07.csv,,22,ORD-0021,ORD-0021,COUNTRY_UNKNOWN,unknown_country,UNKNOWN_COUNTRY,ACCEPTED,
TX-0022,sales_2026_07.csv,,23,ORD-0022,ORD-0022,DATE_ISO,,,ACCEPTED,
TX-0023,sales_2026_07.csv,,24,ORD-0023,ORD-0023,DATE_DDMMYYYY,date_format,NORMALIZE_DATE,ACCEPTED,
TX-0024,sales_2026_07.csv,,25,ORD-0024,ORD-0024,DATE_TEXTUAL,date_format,NORMALIZE_DATE,ACCEPTED,
TX-0025,sales_2026_07.csv,,26,ORD-0025,ORD-0025,CURRENCY_EU,currency_locale,NORMALIZE_CURRENCY,ACCEPTED,
TX-0026,sales_2026_07.csv,,27,ORD-0026,ORD-0026,CURRENCY_US,currency_locale,NORMALIZE_CURRENCY,ACCEPTED,
TX-0027,sales_2026_07.csv,,28,ORD-0027,ORD-0027,CURRENCY_PLAIN,currency_locale,NORMALIZE_CURRENCY,ACCEPTED,
TX-0028,sales_2026_07.csv,,29,ORD-0028, ord-0028 ,TEXT_HYGIENE,identifier_case_whitespace,NORMALIZE_IDENTIFIER,ACCEPTED,
TX-0029,sales_2026_07.csv,,30,ORD-0029,,MISSING_ORDER_ID,missing_critical_identifier,MISSING_ORDER_ID,QUARANTINED,
TX-0030,sales_2026_07.csv,,31,ORD-0030,ORD-0030,NORMALIZED_DUPLICATE,,,ACCEPTED,
TX-0031,sales_2026_07.csv,,32,ORD-0031,ORD-0031,INVALID_IDENTIFIER,invalid_identifier,INVALID_IDENTIFIER,QUARANTINED,
TX-0032,sales_2026_07.csv,,33,ORD-0032,ORD-0032,FRACTIONAL_QUANTITY,fractional_quantity,INVALID_QUANTITY,QUARANTINED,
TX-0033,sales_2026_07.csv,,34,ORD-0033,ORD-0033,,,,ACCEPTED,
TX-0034,sales_2026_07.csv,,35,ORD-0034,ORD-0034,,,,ACCEPTED,
TX-0035,sales_2026_07.csv,,36,ORD-0035,ORD-0035,MISSING_UNIT_PRICE,missing_unit_price,INVALID_UNIT_PRICE,QUARANTINED,
TX-0036,sales_2026_07.csv,,37,ORD-0036,ORD-0036,,,,ACCEPTED,
TX-0037,sales_2026_07.csv,,38,ORD-0037,ORD-0037,,,,ACCEPTED,
TX-0038,sales_2026_07.csv,,39,ORD-0038,ORD-0038,,,,ACCEPTED,
TX-0039,sales_2026_07.csv,,40,ORD-0039,ORD-0039,,,,ACCEPTED,
TX-0040,sales_2026_07.csv,,41,ORD-0040,ORD-0040,,,,ACCEPTED,
TX-D-DUP,sales_2026_07.csv,,42,ORD-0004,ORD-0004,D_EXACT_DUPLICATE,exact_row_duplicate,DUPLICATE_EXACT,DEDUPLICATED,TX-0004
TX-E-CONFLICT,sales_2026_07.csv,,43,ORD-0005,ORD-0005,E_CONFLICTING_ORDER_ID,duplicate_key_conflict,DUPLICATE_KEY_CONFLICT,QUARANTINED,TX-0005
TX-F-VALID,sales_2026_07.csv,,44,ORD-0006,ORD-0006,F_HARD_INVALID_BEFORE_DUPLICATE,,,ACCEPTED,TX-0006
TX-NORMALIZED-DUP,sales_2026_07.csv,,45,ORD-0030, ord-0030 ,NORMALIZED_DUPLICATE,semantic_duplicate_after_normalization,NORMALIZE_IDENTIFIER|NORMALIZE_DATE|NORMALIZE_CURRENCY|NORMALIZE_COUNTRY|DUPLICATE_EXACT,DEDUPLICATED,TX-0030
TX-0041,sales_2026_08.xlsx,sales,2,ORD-0041,ORD-0041,,,,ACCEPTED,
TX-0042,sales_2026_08.xlsx,sales,3,ORD-0042,ORD-0042,,,,ACCEPTED,
TX-0043,sales_2026_08.xlsx,sales,4,ORD-0043,ORD-0043,,,,ACCEPTED,
TX-0044,sales_2026_08.xlsx,sales,5,ORD-0044,ORD-0044,,,,ACCEPTED,
TX-0045,sales_2026_08.xlsx,sales,6,ORD-0045,ORD-0045,,,,ACCEPTED,
TX-0046,sales_2026_08.xlsx,sales,7,ORD-0046,ORD-0046,,,,ACCEPTED,
TX-0047,sales_2026_08.xlsx,sales,8,ORD-0047,ORD-0047,,,,ACCEPTED,
TX-0048,sales_2026_08.xlsx,sales,9,ORD-0048,ORD-0048,,,,ACCEPTED,
TX-0049,sales_2026_08.xlsx,sales,10,ORD-0049,ORD-0049,,,,ACCEPTED,
TX-0050,sales_2026_08.xlsx,sales,11,ORD-0050,ORD-0050,,,,ACCEPTED,
TX-0051,sales_2026_08.xlsx,sales,12,ORD-0051,ORD-0051,,,,ACCEPTED,
TX-0052,sales_2026_08.xlsx,sales,13,ORD-0052,ORD-0052,,,,ACCEPTED,
TX-0053,sales_2026_08.xlsx,sales,14,ORD-0053,ORD-0053,,,,ACCEPTED,
TX-0054,sales_2026_08.xlsx,sales,15,ORD-0054,ORD-0054,,,,ACCEPTED,
TX-0055,sales_2026_08.xlsx,sales,16,ORD-0055,ORD-0055,,,,ACCEPTED,
TX-0056,sales_2026_08.xlsx,sales,17,ORD-0056,ORD-0056,,,,ACCEPTED,
TX-0057,sales_2026_08.xlsx,sales,18,ORD-0057,ORD-0057,,,,ACCEPTED,
TX-0058,sales_2026_08.xlsx,sales,19,ORD-0058,ORD-0058,,,,ACCEPTED,
TX-0059,sales_2026_08.xlsx,sales,20,ORD-0059,ORD-0059,,,,ACCEPTED,
TX-0060,sales_2026_08.xlsx,sales,21,ORD-0060,ORD-0060,,,,ACCEPTED,
TX-0061,sales_2026_08.xlsx,sales,22,ORD-0061,ORD-0061,,,,ACCEPTED,
TX-0062,sales_2026_08.xlsx,sales,23,ORD-0062,ORD-0062,,,,ACCEPTED,
TX-0063,sales_2026_08.xlsx,sales,24,ORD-0063,ORD-0063,,,,ACCEPTED,
TX-0064,sales_2026_08.xlsx,sales,25,ORD-0064,ORD-0064,,,,ACCEPTED,
TX-0065,sales_2026_08.xlsx,sales,26,ORD-0065,ORD-0065,,,,ACCEPTED,
TX-0066,sales_2026_08.xlsx,sales,27,ORD-0066,ORD-0066,,,,ACCEPTED,
TX-0067,sales_2026_08.xlsx,sales,28,ORD-0067,ORD-0067,,,,ACCEPTED,
TX-0068,sales_2026_08.xlsx,sales,29,ORD-0068,ORD-0068,,,,ACCEPTED,
TX-0069,sales_2026_08.xlsx,sales,30,ORD-0069,ORD-0069,,,,ACCEPTED,
TX-0070,sales_2026_08.xlsx,sales,31,ORD-0070,ORD-0070,,,,ACCEPTED,
TX-0071,sales_2026_08.xlsx,sales,32,ORD-0071,ORD-0071,,,,ACCEPTED,
TX-0072,sales_2026_08.xlsx,sales,33,ORD-0072,ORD-0072,,,,ACCEPTED,
TX-0073,sales_2026_08.xlsx,sales,34,ORD-0073,ORD-0073,,,,ACCEPTED,
TX-0074,sales_2026_08.xlsx,sales,35,ORD-0074,ORD-0074,,,,ACCEPTED,
TX-0075,sales_2026_08.xlsx,sales,36,ORD-0075,ORD-0075,,,,ACCEPTED,
TX-0076,sales_2026_08.xlsx,sales,37,ORD-0076,ORD-0076,,,,ACCEPTED,
TX-0077,sales_2026_08.xlsx,sales,38,ORD-0077,ORD-0077,,,,ACCEPTED,
TX-0078,sales_2026_08.xlsx,sales,39,ORD-0078,ORD-0078,,,,ACCEPTED,
TX-0079,sales_2026_08.xlsx,sales,40,ORD-0079,ORD-0079,,,,ACCEPTED,
TX-0080,sales_2026_08.xlsx,sales,41,ORD-0080,ORD-0080,,,,ACCEPTED,
TX-0081,sales_2026_09.csv,,2,ORD-0081,ORD-0081,,,,ACCEPTED,
TX-0082,sales_2026_09.csv,,3,ORD-0082,ORD-0082,,,,ACCEPTED,
TX-0083,sales_2026_09.csv,,4,ORD-0083,ORD-0083,,,,ACCEPTED,
TX-0084,sales_2026_09.csv,,5,ORD-0084,ORD-0084,,,,ACCEPTED,
TX-0085,sales_2026_09.csv,,6,ORD-0085,ORD-0085,,,,ACCEPTED,
TX-0086,sales_2026_09.csv,,7,ORD-0086,ORD-0086,,,,ACCEPTED,
TX-0087,sales_2026_09.csv,,8,ORD-0087,ORD-0087,,,,ACCEPTED,
TX-0088,sales_2026_09.csv,,9,ORD-0088,ORD-0088,,,,ACCEPTED,
TX-0089,sales_2026_09.csv,,10,ORD-0089,ORD-0089,,,,ACCEPTED,
TX-0090,sales_2026_09.csv,,11,ORD-0090,ORD-0090,,,,ACCEPTED,
TX-0091,sales_2026_09.csv,,12,ORD-0091,ORD-0091,,,,ACCEPTED,
TX-0092,sales_2026_09.csv,,13,ORD-0092,ORD-0092,,,,ACCEPTED,
TX-0093,sales_2026_09.csv,,14,ORD-0093,ORD-0093,,,,ACCEPTED,
TX-0094,sales_2026_09.csv,,15,ORD-0094,ORD-0094,,,,ACCEPTED,
TX-0095,sales_2026_09.csv,,16,ORD-0095,ORD-0095,,,,ACCEPTED,
TX-0096,sales_2026_09.csv,,17,ORD-0096,ORD-0096,,,,ACCEPTED,
TX-0097,sales_2026_09.csv,,18,ORD-0097,ORD-0097,,,,ACCEPTED,
TX-0098,sales_2026_09.csv,,19,ORD-0098,ORD-0098,,,,ACCEPTED,
TX-0099,sales_2026_09.csv,,20,ORD-0099,ORD-0099,,,,ACCEPTED,
TX-0100,sales_2026_09.csv,,21,ORD-0100,ORD-0100,,,,ACCEPTED,
TX-0101,sales_2026_09.csv,,22,ORD-0101,ORD-0101,,,,ACCEPTED,
TX-0102,sales_2026_09.csv,,23,ORD-0102,ORD-0102,,,,ACCEPTED,
TX-0103,sales_2026_09.csv,,24,ORD-0103,ORD-0103,,,,ACCEPTED,
TX-0104,sales_2026_09.csv,,25,ORD-0104,ORD-0104,,,,ACCEPTED,
TX-0105,sales_2026_09.csv,,26,ORD-0105,ORD-0105,,,,ACCEPTED,
TX-0106,sales_2026_09.csv,,27,ORD-0106,ORD-0106,,,,ACCEPTED,
TX-0107,sales_2026_09.csv,,28,ORD-0107,ORD-0107,,,,ACCEPTED,
TX-0108,sales_2026_09.csv,,29,ORD-0108,ORD-0108,,,,ACCEPTED,
TX-0109,sales_2026_09.csv,,30,ORD-0109,ORD-0109,,,,ACCEPTED,
TX-0110,sales_2026_09.csv,,31,ORD-0110,ORD-0110,,,,ACCEPTED,
TX-0111,sales_2026_09.csv,,32,ORD-0111,ORD-0111,,,,ACCEPTED,
TX-0112,sales_2026_09.csv,,33,ORD-0112,ORD-0112,,,,ACCEPTED,
TX-0113,sales_2026_09.csv,,34,ORD-0113,ORD-0113,,,,ACCEPTED,
TX-0114,sales_2026_09.csv,,35,ORD-0114,ORD-0114,,,,ACCEPTED,
TX-0115,sales_2026_09.csv,,36,ORD-0115,ORD-0115,,,,ACCEPTED,
TX-0116,sales_2026_09.csv,,37,ORD-0116,ORD-0116,,,,ACCEPTED,
TX-0117,sales_2026_09.csv,,38,ORD-0117,ORD-0117,,,,ACCEPTED,
TX-0118,sales_2026_09.csv,,39,ORD-0118,ORD-0118,,,,ACCEPTED,
TX-0119,sales_2026_09.csv,,40,ORD-0119,ORD-0119,,,,ACCEPTED,
TX-0120,sales_2026_09.csv,,41,ORD-0120,ORD-0120,,,,ACCEPTED,
TX-0121,sales_2026_10.xlsx,sales,2,ORD-0121,ORD-0121,I_FUTURE_DATE,future_date,FUTURE_ORDER_DATE,QUARANTINED,
TX-0122,sales_2026_10.xlsx,sales,3,ORD-0122,ORD-0122,J_MULTIPLE_HARD_FAILURES,missing_critical_identifier|future_date|quantity_nonpositive,MISSING_CUSTOMER_ID|FUTURE_ORDER_DATE|INVALID_QUANTITY,QUARANTINED,
TX-0123,sales_2026_10.xlsx,sales,4,ORD-0123,ORD-0123,,,,ACCEPTED,
TX-0124,sales_2026_10.xlsx,sales,5,ORD-0124,ORD-0124,,,,ACCEPTED,
TX-0125,sales_2026_10.xlsx,sales,6,ORD-0125,ORD-0125,,,,ACCEPTED,
TX-0126,sales_2026_10.xlsx,sales,7,ORD-0126,ORD-0126,,,,ACCEPTED,
TX-0127,sales_2026_10.xlsx,sales,8,ORD-0127,ORD-0127,,,,ACCEPTED,
TX-0128,sales_2026_10.xlsx,sales,9,ORD-0128,ORD-0128,,,,ACCEPTED,
TX-0129,sales_2026_10.xlsx,sales,10,ORD-0129,ORD-0129,,,,ACCEPTED,
TX-0130,sales_2026_10.xlsx,sales,11,ORD-0130,ORD-0130,,,,ACCEPTED,
TX-0131,sales_2026_10.xlsx,sales,12,ORD-0131,ORD-0131,,,,ACCEPTED,
TX-0132,sales_2026_10.xlsx,sales,13,ORD-0132,ORD-0132,,,,ACCEPTED,
TX-0133,sales_2026_10.xlsx,sales,14,ORD-0133,ORD-0133,,,,ACCEPTED,
TX-0134,sales_2026_10.xlsx,sales,15,ORD-0134,ORD-0134,,,,ACCEPTED,
TX-0135,sales_2026_10.xlsx,sales,16,ORD-0135,ORD-0135,,,,ACCEPTED,
TX-0136,sales_2026_10.xlsx,sales,17,ORD-0136,ORD-0136,,,,ACCEPTED,
TX-0137,sales_2026_10.xlsx,sales,18,ORD-0137,ORD-0137,,,,ACCEPTED,
TX-0138,sales_2026_10.xlsx,sales,19,ORD-0138,ORD-0138,,,,ACCEPTED,
TX-0139,sales_2026_10.xlsx,sales,20,ORD-0139,ORD-0139,,,,ACCEPTED,
TX-0140,sales_2026_10.xlsx,sales,21,ORD-0140,ORD-0140,,,,ACCEPTED,
TX-0141,sales_2026_10.xlsx,sales,22,ORD-0141,ORD-0141,,,,ACCEPTED,
TX-0142,sales_2026_10.xlsx,sales,23,ORD-0142,ORD-0142,,,,ACCEPTED,
TX-0143,sales_2026_10.xlsx,sales,24,ORD-0143,ORD-0143,,,,ACCEPTED,
TX-0144,sales_2026_10.xlsx,sales,25,ORD-0144,ORD-0144,,,,ACCEPTED,
TX-0145,sales_2026_10.xlsx,sales,26,ORD-0145,ORD-0145,,,,ACCEPTED,
TX-0146,sales_2026_10.xlsx,sales,27,ORD-0146,ORD-0146,,,,ACCEPTED,
TX-0147,sales_2026_10.xlsx,sales,28,ORD-0147,ORD-0147,,,,ACCEPTED,
TX-0148,sales_2026_10.xlsx,sales,29,ORD-0148,ORD-0148,,,,ACCEPTED,
TX-0149,sales_2026_10.xlsx,sales,30,ORD-0149,ORD-0149,,,,ACCEPTED,
TX-0150,sales_2026_10.xlsx,sales,31,ORD-0150,ORD-0150,,,,ACCEPTED,
TX-0151,sales_2026_10.xlsx,sales,32,ORD-0151,ORD-0151,,,,ACCEPTED,
TX-0152,sales_2026_10.xlsx,sales,33,ORD-0152,ORD-0152,,,,ACCEPTED,
TX-0153,sales_2026_10.xlsx,sales,34,ORD-0153,ORD-0153,,,,ACCEPTED,
TX-0154,sales_2026_10.xlsx,sales,35,ORD-0154,ORD-0154,,,,ACCEPTED,
TX-0155,sales_2026_10.xlsx,sales,36,ORD-0155,ORD-0155,,,,ACCEPTED,
TX-0156,sales_2026_10.xlsx,sales,37,ORD-0156,ORD-0156,,,,ACCEPTED,
TX-0157,sales_2026_10.xlsx,sales,38,ORD-0157,ORD-0157,,,,ACCEPTED,
TX-0158,sales_2026_10.xlsx,sales,39,ORD-0158,ORD-0158,,,,ACCEPTED,
TX-0159,sales_2026_10.xlsx,sales,40,ORD-0159,ORD-0159,,,,ACCEPTED,
TX-0160,sales_2026_10.xlsx,sales,41,ORD-0160,ORD-0160,,,,ACCEPTED,
