order_id,customer_id,product_id,order_date,quantity,unit_price_eur,country
ORD-0001,C001,P001,2026-07-01,1,49.90,FR
ORD-0002,C002,P012,2026-07-02,2,1299.00,FR
ORD-0003,C003,P003,2026-07-03,2,39.50,FR
ORD-0004,C004,P004,2026-07-04,1,12.00,FR
ORD-0005,C005,P005,2026-07-05,2,24.99,FR
ORD-0006,C006,P006,2026-07-06,2,299.00,FR
ORD-0007,C020,P007,2026-07-07,1,18.50,FR
ORD-0008,C022,P011,2026-07-02,3,129.90,FR
ORD-0009,C023,P011,2026-07-14,3,129.90,FR
ORD-0010,C010,P004,2026-07-21,1,12.00,FR
ORD-0011,C011,P010,2026-07-11,1,79.99,FR
ORD-0012,C008,P001,2026-07-02,5,49.90,FR
ORD-0013,C015,P002,2026-07-15,4,29.95,FR
ORD-0014,C010,P007,2026-07-09,1,18.50,FR
ORD-0015,C013,P005,2026-07-28,4,24.99,FR
ORD-0016,C006,P004,2026-07-01,5,12.00,FR
ORD-0017,C016,P008,2026-07-20,2,15.75,FR
ORD-0018,C016,P004,2026-07-04,2,12.00,FR
ORD-0019,C003,P006,2026-07-11,3,299.00,FR
ORD-0020,C001,P003,2026-07-17,2,39.50,FR
ORD-0021,C021,P005,2026-07-23,5,24.99,FR
ORD-0022,C013,P004,2026-07-28,5,12.00,FR
ORD-0023,C010,P002,2026-07-27,3,29.95,FR
ORD-0024,C002,P004,2026-07-06,3,12.00,FR
ORD-0025,C020,P012,2026-07-08,3,1299.00,FR
ORD-0026,C002,P012,2026-07-04,4,1299.00,FR
ORD-0027,C015,P012,2026-07-11,4,1299.00,FR
ORD-0028,C007,P010,2026-07-20,1,79.99,FR
ORD-0029,C010,P011,2026-07-19,2,129.90,FR
ORD-0030,C010,P012,2026-07-28,1,1299.00,FR
ORD-0031,C015,P005,2026-07-11,5,24.99,FR
ORD-0032,C016,P011,2026-07-06,2,129.90,FR
ORD-0033,C010,P001,2026-07-25,2,49.90,FR
ORD-0034,C010,P002,2026-07-23,4,29.95,FR
ORD-0035,C016,P008,2026-07-09,1,15.75,FR
ORD-0036,C013,P007,2026-07-10,4,18.50,FR
ORD-0037,C024,P003,2026-07-06,5,39.50,FR
ORD-0038,C005,P007,2026-07-03,4,18.50,FR
ORD-0039,C005,P002,2026-07-18,1,29.95,FR
ORD-0040,C001,P011,2026-07-20,5,129.90,FR
ORD-0041,C019,P009,2026-08-17,4,59.00,FR
ORD-0042,C017,P004,2026-08-19,4,12.00,FR
ORD-0043,C010,P007,2026-08-24,4,18.50,FR
ORD-0044,C005,P005,2026-08-08,3,24.99,FR
ORD-0045,C002,P003,2026-08-03,3,39.50,FR
ORD-0046,C017,P001,2026-08-08,1,49.90,FR
ORD-0047,C019,P004,2026-08-11,2,12.00,FR
ORD-0048,C010,P012,2026-08-15,1,1299.00,FR
ORD-0049,C001,P004,2026-08-19,1,12.00,FR
ORD-0050,C023,P006,2026-08-20,2,299.00,FR
ORD-0051,C015,P001,2026-08-10,4,49.90,FR
ORD-0052,C017,P012,2026-08-11,1,1299.00,FR
ORD-0053,C007,P002,2026-08-10,1,29.95,FR
ORD-0054,C006,P008,2026-08-11,1,15.75,FR
ORD-0055,C010,P008,2026-08-06,3,15.75,FR
ORD-0056,C011,P001,2026-08-09,3,49.90,FR
ORD-0057,C013,P009,2026-08-01,2,59.00,FR
ORD-0058,C004,P007,2026-08-24,1,18.50,FR
ORD-0059,C003,P004,2026-08-16,5,12.00,FR
ORD-0060,C004,P006,2026-08-01,3,299.00,FR
ORD-0061,C021,P012,2026-08-03,5,1299.00,FR
ORD-0062,C017,P004,2026-08-12,1,12.00,FR
ORD-0063,C019,P008,2026-08-13,3,15.75,FR
ORD-0064,C008,P007,2026-08-11,5,18.50,FR
ORD-0065,C023,P001,2026-08-20,4,49.90,FR
ORD-0066,C009,P003,2026-08-27,5,39.50,FR
ORD-0067,C009,P001,2026-08-28,2,49.90,FR
ORD-0068,C013,P010,2026-08-27,4,79.99,FR
ORD-0069,C008,P004,2026-08-15,4,12.00,FR
ORD-0070,C010,P003,2026-08-23,1,39.50,FR
ORD-0071,C019,P011,2026-08-10,4,129.90,FR
ORD-0072,C016,P010,2026-08-27,5,79.99,FR
ORD-0073,C016,P012,2026-08-22,1,1299.00,FR
ORD-0074,C009,P012,2026-08-15,2,1299.00,FR
ORD-0075,C004,P007,2026-08-23,1,18.50,FR
ORD-0076,C003,P006,2026-08-06,5,299.00,FR
ORD-0077,C012,P007,2026-08-09,4,18.50,FR
ORD-0078,C021,P001,2026-08-03,5,49.90,FR
ORD-0079,C008,P005,2026-08-11,1,24.99,FR
ORD-0080,C015,P004,2026-08-16,5,12.00,FR
ORD-0081,C004,P002,2026-09-16,3,29.95,FR
ORD-0082,C015,P008,2026-09-15,2,15.75,FR
ORD-0083,C012,P004,2026-09-19,4,12.00,FR
ORD-0084,C002,P011,2026-09-06,3,129.90,FR
ORD-0085,C011,P008,2026-09-13,5,15.75,FR
ORD-0086,C022,P005,2026-09-11,5,24.99,FR
ORD-0087,C019,P003,2026-09-01,1,39.50,FR
ORD-0088,C015,P011,2026-09-10,2,129.90,FR
ORD-0089,C022,P008,2026-09-12,1,15.75,FR
ORD-0090,C020,P007,2026-09-24,2,18.50,FR
ORD-0091,C024,P005,2026-09-24,3,24.99,FR
ORD-0092,C017,P012,2026-09-26,3,1299.00,FR
ORD-0093,C024,P009,2026-09-26,3,59.00,FR
ORD-0094,C014,P012,2026-09-06,5,1299.00,FR
ORD-0095,C023,P011,2026-09-20,2,129.90,FR
ORD-0096,C017,P007,2026-09-18,2,18.50,FR
ORD-0097,C011,P004,2026-09-28,5,12.00,FR
ORD-0098,C015,P006,2026-09-16,2,299.00,FR
ORD-0099,C014,P011,2026-09-11,4,129.90,FR
ORD-0100,C023,P007,2026-09-19,4,18.50,FR
ORD-0101,C022,P002,2026-09-06,3,29.95,FR
ORD-0102,C015,P007,2026-09-04,3,18.50,FR
ORD-0103,C017,P011,2026-09-06,2,129.90,FR
ORD-0104,C015,P010,2026-09-14,1,79.99,FR
ORD-0105,C009,P011,2026-09-17,4,129.90,FR
ORD-0106,C020,P012,2026-09-21,4,1299.00,FR
ORD-0107,C019,P007,2026-09-05,2,18.50,FR
ORD-0108,C019,P004,2026-09-24,2,12.00,FR
ORD-0109,C010,P002,2026-09-25,2,29.95,FR
ORD-0110,C003,P009,2026-09-25,4,59.00,FR
ORD-0111,C008,P011,2026-09-07,1,129.90,FR
ORD-0112,C002,P001,2026-09-24,4,49.90,FR
ORD-0113,C018,P010,2026-09-24,4,79.99,FR
ORD-0114,C005,P003,2026-09-04,3,39.50,FR
ORD-0115,C021,P011,2026-09-13,1,129.90,FR
ORD-0116,C016,P002,2026-09-16,4,29.95,FR
ORD-0117,C012,P007,2026-09-18,5,18.50,FR
ORD-0118,C006,P006,2026-09-21,2,299.00,FR
ORD-0119,C010,P005,2026-09-19,3,24.99,FR
ORD-0120,C006,P005,2026-09-11,2,24.99,FR
ORD-0121,C011,P011,2026-10-06,1,129.90,FR
ORD-0122,C012,P012,2026-10-07,2,1299.00,FR
ORD-0123,C024,P004,2026-10-01,4,12.00,FR
ORD-0124,C011,P012,2026-10-02,3,1299.00,FR
ORD-0125,C022,P009,2026-10-01,2,59.00,FR
ORD-0126,C006,P002,2026-10-07,1,29.95,FR
ORD-0127,C023,P012,2026-10-01,3,1299.00,FR
ORD-0128,C024,P006,2026-10-06,5,299.00,FR
ORD-0129,C005,P007,2026-10-05,5,18.50,FR
ORD-0130,C012,P005,2026-10-05,4,24.99,FR
ORD-0131,C005,P001,2026-10-07,5,49.90,FR
ORD-0132,C021,P010,2026-10-01,5,79.99,FR
ORD-0133,C018,P009,2026-10-07,3,59.00,FR
ORD-0134,C023,P010,2026-10-05,4,79.99,FR
ORD-0135,C020,P008,2026-10-07,2,15.75,FR
ORD-0136,C014,P002,2026-10-03,2,29.95,FR
ORD-0137,C010,P006,2026-10-05,1,299.00,FR
ORD-0138,C022,P003,2026-10-07,1,39.50,FR
ORD-0139,C018,P002,2026-10-05,3,29.95,FR
ORD-0140,C013,P012,2026-10-06,5,1299.00,FR
ORD-0141,C016,P001,2026-10-07,2,49.90,FR
ORD-0142,C018,P006,2026-10-02,3,299.00,FR
ORD-0143,C015,P012,2026-10-01,3,1299.00,FR
ORD-0144,C015,P010,2026-10-04,2,79.99,FR
ORD-0145,C011,P007,2026-10-04,5,18.50,FR
ORD-0146,C019,P007,2026-10-07,1,18.50,FR
ORD-0147,C012,P011,2026-10-04,4,129.90,FR
ORD-0148,C001,P008,2026-10-05,1,15.75,FR
ORD-0149,C004,P009,2026-10-06,4,59.00,FR
ORD-0150,C010,P005,2026-10-02,3,24.99,FR
ORD-0151,C020,P011,2026-10-01,2,129.90,FR
ORD-0152,C005,P012,2026-10-01,2,1299.00,FR
ORD-0153,C019,P010,2026-10-01,1,79.99,FR
ORD-0154,C002,P005,2026-10-05,2,24.99,FR
ORD-0155,C009,P012,2026-10-01,1,1299.00,FR
ORD-0156,C006,P009,2026-10-03,5,59.00,FR
ORD-0157,C002,P009,2026-10-01,4,59.00,FR
ORD-0158,C024,P003,2026-10-02,1,39.50,FR
ORD-0159,C024,P004,2026-10-03,1,12.00,FR
ORD-0160,C003,P010,2026-10-02,2,79.99,FR
